{
"lengthUnit": "mil",
"remark": [],
"components": {
	"fields": ["COMPONENT_NO", "COMPONENT_NAME", "LAYER", "X_COORDINATE", "Y_COORDINATE", "ANGLE"],
	"rows": [
		[1, "C1", "T", 415, -425, 270],
		[2, "C2", "T", 475, -425, 270],
		[3, "C3", "T", 70, -300, 270],
		[4, "M1", "T", 310, -140, 270],
		[5, "U1", "T", 317.6485, -369.505, 0],
		[6, "PAD1", "T", 415, -446.46, 0],
		[7, "PAD2", "T", 415, -403.54, 0],
		[8, "PAD3", "T", 201.735, -214.905, 0],
		[9, "PAD4", "T", 201.735, -164.905, 0],
		[10, "PAD5", "T", 201.735, -114.905, 0],
		[11, "PAD6", "T", 201.735, -64.905, 0],
		[12, "PAD7", "T", 418.265, -65.105, 0],
		[13, "PAD8", "T", 418.265, -115.105, 0],
		[14, "PAD9", "T", 418.265, -165.105, 0],
		[15, "PAD10", "T", 418.265, -215.095, 0],
		[16, "PAD11", "T", 335.433, -140, 0],
		[17, "PAD12", "T", 280.2485, -414.745, 0],
		[18, "PAD13", "T", 317.6485, -414.745, 0],
		[19, "PAD14", "T", 355.0485, -414.745, 0],
		[20, "PAD15", "T", 355.0485, -324.265, 0],
		[21, "PAD16", "T", 317.6485, -324.265, 0],
		[22, "PAD17", "T", 280.2485, -324.265, 0],
		[23, "PAD18", "T", 475, -446.46, 0],
		[24, "PAD19", "T", 475, -403.54, 0],
		[25, "PAD20", "T", 70, -321.46, 0],
		[26, "PAD21", "T", 70, -278.54, 0]
	]
},
"pins": {
	"fields": ["PIN_NO", "PIN_NAME", "PIN_X", "PIN_Y", "LAYER", "PIN_TYPE", "NET_NAME", "NET_TYPE", "PAD_SHAPE", "PAD_SIZEX", "PAD_SIZEY", "HOLE_SIZE", "HOLE_LEN", "PAD_ANGLE"],
	"rows": [
		[1, "C1_1", 415, -403.54, "T", "SMD", "VIN", "", "R", 31.106, 21.26, 0, 0, 270],
		[2, "C1_2", 415, -446.46, "T", "SMD", "$1N950", "", "R", 31.106, 21.26, 0, 0, 270],
		[3, "C2_1", 475, -403.54, "T", "SMD", "VIN", "", "R", 31.106, 21.26, 0, 0, 270],
		[4, "C2_2", 475, -446.46, "T", "SMD", "GND", "GND", "R", 31.106, 21.26, 0, 0, 270],
		[5, "C3_1", 70, -278.54, "T", "SMD", "VOUT", "", "R", 31.106, 21.26, 0, 0, 270],
		[6, "C3_2", 70, -321.46, "T", "SMD", "GND", "GND", "R", 31.106, 21.26, 0, 0, 270],
		[7, "M1_1", 201.735, -64.905, "T", "SMD", "VOUT", "", "R", 22.835, 47.244, 0, 0, 90],
		[8, "M1_2", 201.735, -114.905, "T", "SMD", "VOUT", "", "R", 22.835, 47.244, 0, 0, 90],
		[9, "M1_3", 201.735, -164.905, "T", "SMD", "VOUT", "", "R", 22.835, 47.244, 0, 0, 90],
		[10, "M1_4", 201.735, -214.905, "T", "SMD", "$1N889", "", "R", 22.835, 47.244, 0, 0, 90],
		[11, "M1_5", 418.265, -215.095, "T", "SMD", "VIN", "", "R", 22.835, 47.244, 0, 0, 270],
		[12, "M1_6", 418.265, -165.105, "T", "SMD", "VIN", "", "R", 22.835, 47.244, 0, 0, 270],
		[13, "M1_7", 418.265, -115.105, "T", "SMD", "VIN", "", "R", 22.835, 47.244, 0, 0, 270],
		[14, "M1_8", 418.265, -65.105, "T", "SMD", "VIN", "", "R", 22.835, 47.244, 0, 0, 270],
		[15, "M1_9", 335.433, -140, "T", "SMD", "VIN", "", "R", 173.228, 149.606, 0, 0, 270],
		[16, "U1_1", 280.2485, -414.745, "T", "SMD", "$1N950", "", "R", 20.945, 42.205, 0, 0, 0],
		[17, "U1_2", 317.6485, -414.745, "T", "SMD", "GND", "GND", "R", 20.945, 42.205, 0, 0, 0],
		[18, "U1_3", 355.0485, -414.745, "T", "SMD", "VIN", "", "R", 20.945, 42.205, 0, 0, 0],
		[19, "U1_4", 355.0485, -324.265, "T", "SMD", "VOUT", "", "R", 20.945, 42.205, 0, 0, 0],
		[20, "U1_5", 317.6485, -324.265, "T", "SMD", "$1N889", "", "R", 20.945, 42.205, 0, 0, 0],
		[21, "U1_6", 280.2485, -324.265, "T", "SMD", "VIN", "", "R", 20.945, 42.205, 0, 0, 0],
		[22, "PAD1_2", 415, -446.46, "T", "SMD", "$1N950", "", "R", 31.106, 21.26, 0, 0, 270],
		[23, "PAD2_1", 415, -403.54, "T", "SMD", "VIN", "", "R", 31.106, 21.26, 0, 0, 270],
		[24, "PAD3_4", 201.735, -214.905, "T", "SMD", "$1N889", "", "R", 22.835, 47.244, 0, 0, 90],
		[25, "PAD4_3", 201.735, -164.905, "T", "SMD", "VOUT", "", "R", 22.835, 47.244, 0, 0, 90],
		[26, "PAD5_2", 201.735, -114.905, "T", "SMD", "VOUT", "", "R", 22.835, 47.244, 0, 0, 90],
		[27, "PAD6_1", 201.735, -64.905, "T", "SMD", "VOUT", "", "R", 22.835, 47.244, 0, 0, 90],
		[28, "PAD7_8", 418.265, -65.105, "T", "SMD", "VIN", "", "R", 22.835, 47.244, 0, 0, 270],
		[29, "PAD8_7", 418.265, -115.105, "T", "SMD", "VIN", "", "R", 22.835, 47.244, 0, 0, 270],
		[30, "PAD9_6", 418.265, -165.105, "T", "SMD", "VIN", "", "R", 22.835, 47.244, 0, 0, 270],
		[31, "PAD10_5", 418.265, -215.095, "T", "SMD", "VIN", "", "R", 22.835, 47.244, 0, 0, 270],
		[32, "PAD11_9", 335.433, -140, "T", "SMD", "VIN", "", "R", 173.228, 149.606, 0, 0, 270],
		[33, "PAD12_1", 280.2485, -414.745, "T", "SMD", "$1N950", "", "R", 20.945, 42.205, 0, 0, 0],
		[34, "PAD13_2", 317.6485, -414.745, "T", "SMD", "GND", "GND", "R", 20.945, 42.205, 0, 0, 0],
		[35, "PAD14_3", 355.0485, -414.745, "T", "SMD", "VIN", "", "R", 20.945, 42.205, 0, 0, 0],
		[36, "PAD15_4", 355.0485, -324.265, "T", "SMD", "VOUT", "", "R", 20.945, 42.205, 0, 0, 0],
		[37, "PAD16_5", 317.6485, -324.265, "T", "SMD", "$1N889", "", "R", 20.945, 42.205, 0, 0, 0],
		[38, "PAD17_6", 280.2485, -324.265, "T", "SMD", "VIN", "", "R", 20.945, 42.205, 0, 0, 0],
		[39, "PAD18_2", 475, -446.46, "T", "SMD", "GND", "GND", "R", 31.106, 21.26, 0, 0, 270],
		[40, "PAD19_1", 475, -403.54, "T", "SMD", "VIN", "", "R", 31.106, 21.26, 0, 0, 270],
		[41, "PAD20_2", 70, -321.46, "T", "SMD", "GND", "GND", "R", 31.106, 21.26, 0, 0, 270],
		[42, "PAD21_1", 70, -278.54, "T", "SMD", "VOUT", "", "R", 31.106, 21.26, 0, 0, 270]
	]
}
}