{
"lengthUnit": "mil",
"remark": [],
"components": {
	"fields": ["COMPONENT_NO", "COMPONENT_NAME", "LAYER", "X_COORDINATE", "Y_COORDINATE", "ANGLE"],
	"rows": [
		[1, "C1", "T", 880, -480, 270],
		[2, "C2", "T", 940, -480, 270],
		[3, "C3", "T", 545, -345, 270],
		[4, "IN", "T", 1190, -305, 90],
		[5, "M1", "T", 775, -195, 270],
		[6, "OUT", "T", 395, -300, 270],
		[7, "U1", "T", 770, -440, 0],
		[8, "PAD1", "T", 880, -501.46, 0],
		[9, "PAD2", "T", 880, -458.54, 0],
		[10, "PAD3", "T", 666.735, -269.905, 0],
		[11, "PAD4", "T", 666.735, -219.905, 0],
		[12, "PAD5", "T", 666.735, -169.905, 0],
		[13, "PAD6", "T", 666.735, -119.905, 0],
		[14, "PAD7", "T", 883.265, -120.105, 0],
		[15, "PAD8", "T", 883.265, -170.105, 0],
		[16, "PAD9", "T", 883.265, -220.105, 0],
		[17, "PAD10", "T", 883.265, -270.095, 0],
		[18, "PAD11", "T", 800.433, -195, 0],
		[19, "PAD12", "T", 732.6, -485.24, 0],
		[20, "PAD13", "T", 770, -485.24, 0],
		[21, "PAD14", "T", 807.4, -485.24, 0],
		[22, "PAD15", "T", 807.4, -394.76, 0],
		[23, "PAD16", "T", 770, -394.76, 0],
		[24, "PAD17", "T", 732.6, -394.76, 0],
		[25, "PAD18", "T", 940, -501.46, 0],
		[26, "PAD19", "T", 940, -458.54, 0],
		[27, "PAD20", "T", 545, -366.46, 0],
		[28, "PAD21", "T", 545, -323.54, 0],
		[29, "PAD22", "T", 1190, -455, 0],
		[30, "PAD22", "B", 1190, -455, 0],
		[31, "PAD23", "T", 1190, -155, 0],
		[32, "PAD23", "B", 1190, -155, 0],
		[33, "PAD24", "T", 395, -150, 0],
		[34, "PAD24", "B", 395, -150, 0],
		[35, "PAD25", "T", 395, -450, 0],
		[36, "PAD25", "B", 395, -450, 0]
	]
},
"pins": {
	"fields": ["PIN_NO", "PIN_NAME", "PIN_X", "PIN_Y", "LAYER", "PIN_TYPE", "NET_NAME", "NET_TYPE", "PAD_SHAPE", "PAD_SIZEX", "PAD_SIZEY", "HOLE_SIZE", "HOLE_LEN", "PAD_ANGLE"],
	"rows": [
		[1, "C1_1", 880, -458.54, "T", "SMD", "VIN", "", "R", 31.106, 21.26, 0, 0, 270],
		[2, "C1_2", 880, -501.46, "T", "SMD", "$1N950", "", "R", 31.106, 21.26, 0, 0, 270],
		[3, "C2_1", 940, -458.54, "T", "SMD", "VIN", "", "R", 31.106, 21.26, 0, 0, 270],
		[4, "C2_2", 940, -501.46, "T", "SMD", "GND", "GND", "R", 31.106, 21.26, 0, 0, 270],
		[5, "C3_1", 545, -323.54, "T", "SMD", "VOUT", "", "R", 31.106, 21.26, 0, 0, 270],
		[6, "C3_2", 545, -366.46, "T", "SMD", "GND", "GND", "R", 31.106, 21.26, 0, 0, 270],
		[7, "IN_1", 1190, -455, "T", "DIP", "GND", "GND", "R", 118.11, 118.11, 62.992, 62.992, 90],
		[8, "IN_1", 1190, -455, "B", "DIP", "GND", "GND", "R", 118.11, 118.11, 62.992, 62.992, 90],
		[9, "IN_2", 1190, -155, "T", "DIP", "VIN", "", "C", 118.11, 118.11, 62.992, 62.992, 90],
		[10, "IN_2", 1190, -155, "B", "DIP", "VIN", "", "C", 118.11, 118.11, 62.992, 62.992, 90],
		[11, "M1_1", 666.735, -119.905, "T", "SMD", "VOUT", "", "R", 22.835, 47.244, 0, 0, 90],
		[12, "M1_2", 666.735, -169.905, "T", "SMD", "VOUT", "", "R", 22.835, 47.244, 0, 0, 90],
		[13, "M1_3", 666.735, -219.905, "T", "SMD", "VOUT", "", "R", 22.835, 47.244, 0, 0, 90],
		[14, "M1_4", 666.735, -269.905, "T", "SMD", "$1N889", "", "R", 22.835, 47.244, 0, 0, 90],
		[15, "M1_5", 883.265, -270.095, "T", "SMD", "VIN", "", "R", 22.835, 47.244, 0, 0, 270],
		[16, "M1_6", 883.265, -220.105, "T", "SMD", "VIN", "", "R", 22.835, 47.244, 0, 0, 270],
		[17, "M1_7", 883.265, -170.105, "T", "SMD", "VIN", "", "R", 22.835, 47.244, 0, 0, 270],
		[18, "M1_8", 883.265, -120.105, "T", "SMD", "VIN", "", "R", 22.835, 47.244, 0, 0, 270],
		[19, "M1_9", 800.433, -195, "T", "SMD", "VIN", "", "R", 173.228, 149.606, 0, 0, 270],
		[20, "OUT_1", 395, -150, "T", "DIP", "VOUT", "", "R", 118.11, 118.11, 62.992, 62.992, 270],
		[21, "OUT_1", 395, -150, "B", "DIP", "VOUT", "", "R", 118.11, 118.11, 62.992, 62.992, 270],
		[22, "OUT_2", 395, -450, "T", "DIP", "GND", "GND", "C", 118.11, 118.11, 62.992, 62.992, 270],
		[23, "OUT_2", 395, -450, "B", "DIP", "GND", "GND", "C", 118.11, 118.11, 62.992, 62.992, 270],
		[24, "U1_1", 732.6, -485.24, "T", "SMD", "$1N950", "", "R", 20.945, 42.205, 0, 0, 0],
		[25, "U1_2", 770, -485.24, "T", "SMD", "GND", "GND", "R", 20.945, 42.205, 0, 0, 0],
		[26, "U1_3", 807.4, -485.24, "T", "SMD", "VIN", "", "R", 20.945, 42.205, 0, 0, 0],
		[27, "U1_4", 807.4, -394.76, "T", "SMD", "VOUT", "", "R", 20.945, 42.205, 0, 0, 0],
		[28, "U1_5", 770, -394.76, "T", "SMD", "$1N889", "", "R", 20.945, 42.205, 0, 0, 0],
		[29, "U1_6", 732.6, -394.76, "T", "SMD", "VIN", "", "R", 20.945, 42.205, 0, 0, 0],
		[30, "PAD1_2", 880, -501.46, "T", "SMD", "$1N950", "", "R", 31.106, 21.26, 0, 0, 270],
		[31, "PAD2_1", 880, -458.54, "T", "SMD", "VIN", "", "R", 31.106, 21.26, 0, 0, 270],
		[32, "PAD3_4", 666.735, -269.905, "T", "SMD", "$1N889", "", "R", 22.835, 47.244, 0, 0, 90],
		[33, "PAD4_3", 666.735, -219.905, "T", "SMD", "VOUT", "", "R", 22.835, 47.244, 0, 0, 90],
		[34, "PAD5_2", 666.735, -169.905, "T", "SMD", "VOUT", "", "R", 22.835, 47.244, 0, 0, 90],
		[35, "PAD6_1", 666.735, -119.905, "T", "SMD", "VOUT", "", "R", 22.835, 47.244, 0, 0, 90],
		[36, "PAD7_8", 883.265, -120.105, "T", "SMD", "VIN", "", "R", 22.835, 47.244, 0, 0, 270],
		[37, "PAD8_7", 883.265, -170.105, "T", "SMD", "VIN", "", "R", 22.835, 47.244, 0, 0, 270],
		[38, "PAD9_6", 883.265, -220.105, "T", "SMD", "VIN", "", "R", 22.835, 47.244, 0, 0, 270],
		[39, "PAD10_5", 883.265, -270.095, "T", "SMD", "VIN", "", "R", 22.835, 47.244, 0, 0, 270],
		[40, "PAD11_9", 800.433, -195, "T", "SMD", "VIN", "", "R", 173.228, 149.606, 0, 0, 270],
		[41, "PAD12_1", 732.6, -485.24, "T", "SMD", "$1N950", "", "R", 20.945, 42.205, 0, 0, 0],
		[42, "PAD13_2", 770, -485.24, "T", "SMD", "GND", "GND", "R", 20.945, 42.205, 0, 0, 0],
		[43, "PAD14_3", 807.4, -485.24, "T", "SMD", "VIN", "", "R", 20.945, 42.205, 0, 0, 0],
		[44, "PAD15_4", 807.4, -394.76, "T", "SMD", "VOUT", "", "R", 20.945, 42.205, 0, 0, 0],
		[45, "PAD16_5", 770, -394.76, "T", "SMD", "$1N889", "", "R", 20.945, 42.205, 0, 0, 0],
		[46, "PAD17_6", 732.6, -394.76, "T", "SMD", "VIN", "", "R", 20.945, 42.205, 0, 0, 0],
		[47, "PAD18_2", 940, -501.46, "T", "SMD", "GND", "GND", "R", 31.106, 21.26, 0, 0, 270],
		[48, "PAD19_1", 940, -458.54, "T", "SMD", "VIN", "", "R", 31.106, 21.26, 0, 0, 270],
		[49, "PAD20_2", 545, -366.46, "T", "SMD", "GND", "GND", "R", 31.106, 21.26, 0, 0, 270],
		[50, "PAD21_1", 545, -323.54, "T", "SMD", "VOUT", "", "R", 31.106, 21.26, 0, 0, 270],
		[51, "PAD22_1", 1190, -455, "T", "DIP", "GND", "GND", "R", 118.11, 118.11, 62.992, 62.992, 90],
		[52, "PAD22_1", 1190, -455, "B", "DIP", "GND", "GND", "R", 118.11, 118.11, 62.992, 62.992, 90],
		[53, "PAD23_2", 1190, -155, "T", "DIP", "VIN", "", "C", 118.11, 118.11, 62.992, 62.992, 90],
		[54, "PAD23_2", 1190, -155, "B", "DIP", "VIN", "", "C", 118.11, 118.11, 62.992, 62.992, 90],
		[55, "PAD24_1", 395, -150, "T", "DIP", "VOUT", "", "R", 118.11, 118.11, 62.992, 62.992, 270],
		[56, "PAD24_1", 395, -150, "B", "DIP", "VOUT", "", "R", 118.11, 118.11, 62.992, 62.992, 270],
		[57, "PAD25_2", 395, -450, "T", "DIP", "GND", "GND", "C", 118.11, 118.11, 62.992, 62.992, 270],
		[58, "PAD25_2", 395, -450, "B", "DIP", "GND", "GND", "C", 118.11, 118.11, 62.992, 62.992, 270]
	]
}
}